{"cameraMode":{"drawMode":0,"name":"Shaded","section":"Shading Mode"},"sceneLighting":true,"audioPlay":false,"sceneViewState":{"m_AlwaysRefresh":false,"showFog":true,"showSkybox":true,"showFlares":true,"showImageEffects":true,"showParticleSystems":true,"showVisualEffectGraphs":true,"m_FxEnabled":true},"in2DMode":false,"pivot":{"x":0.5804133415222168,"y":7.145238876342773,"z":3.6880335807800295},"rotation":{"x":0.14195451140403748,"y":0.029691513627767564,"z":-0.004259943030774593,"w":0.9894190430641174},"size":15.450469970703125,"orthographic":false}