{"cameraMode":{"drawMode":0,"name":"Shaded","section":"Shading Mode"},"sceneLighting":true,"audioPlay":false,"sceneViewState":{"m_AlwaysRefresh":false,"showFog":true,"showSkybox":true,"showFlares":true,"showImageEffects":true,"showParticleSystems":true,"showVisualEffectGraphs":true,"m_FxEnabled":true},"in2DMode":false,"pivot":{"x":-1.1928120851516724,"y":-1.1333162784576417,"z":-1.945617437362671},"rotation":{"x":0.18787628412246705,"y":0.00294661708176136,"z":-0.0005636665737256408,"w":0.9821885824203491},"size":4.565858840942383,"orthographic":false}